first_name,last_name,year
student1,student2,11
student1,student2,11
student1,student2,11
student1,student2,11
student1,student2,11
student1,student2,11
student1,student2,11
student1,student2,11
student1,student2,11
student1,student2,11
student1,student2,11
student1,student2,11
student1,student2,11
student1,student2,11
student1,student2,11
student1,student2,11
student1,student2,11
student1,student2,12
student1,student2,12
student1,student2,12
student1,student2,12
student1,student2,12
student1,student2,12
student1,student2,12
student1,student2,12
student1,student2,12
student1,student2,12
student1,student2,12
student1,student2,12
student1,student2,13
student1,student2,13
student1,student2,13
student1,student2,13
student1,student2,13
student1,student2,13
student1,student2,13
student1,student2,13
student1,student2,13
student1,student2,12
student1,student2,12
